document_id,relative_path,file_format,document_type,review_task_id,project_id,contract_package_id,subcontract_team_id,basis_version_id,content_hash
DOC-001,01_project_basis/01_项目概况与合同段划分说明.docx,docx,project_basis,project-context,project-njdl-jd-a1,contract-jd-a1,team-lj-01,basis-njdl-2026-01,609e27af585b177b9fa08d913f52f38c7d82683bc9b7de5883ad854d2ebc1fc6
DOC-002,02_contract_and_supervision/02_JD-A1合同段主要合同条款摘编.docx,docx,contract_basis,project-context,project-njdl-jd-a1,contract-jd-a1,team-lj-01,basis-njdl-2026-01,968de29fdbecddcb75979959ee703c0e3fd49b838d43220734a14057308abc83
DOC-003,02_contract_and_supervision/03_JL-01监理规划摘编.docx,docx,supervision_basis,project-context,project-njdl-jd-a1,contract-jd-a1,team-lj-01,basis-njdl-2026-01,e5cb0e8e2335a846a15c55b50f8db3682379b2b142ed0f4e9efcb403ad39a648
DOC-004,02_contract_and_supervision/04_开工条件审查实施细则.docx,docx,review_rule,opening-condition-lj01,project-njdl-jd-a1,contract-jd-a1,team-lj-01,basis-njdl-2026-01,e44ce1571ece945b346ae4153d4af051a08418f9c1805bfdeb3f9539f75de8a7
DOC-005,02_contract_and_supervision/05_施工方案审查实施细则.docx,docx,review_rule,construction-plan-lj01,project-njdl-jd-a1,contract-jd-a1,team-lj-01,basis-njdl-2026-01,3cd1e9fda89d2b59cbfececdcb09ef7721ba041e3cac9a40175f071c12580696
DOC-006,02_contract_and_supervision/06_项目资料命名与归档规则.docx,docx,archive_rule,project-context,project-njdl-jd-a1,contract-jd-a1,team-lj-01,basis-njdl-2026-01,d6e3301ef0b4cd14204cee7d9eecfaff3c4d8c6a7498787f65b7b5b304f747ef
DOC-007,03_team_lj01_opening_condition/07_LJ-01分包合同范围说明.docx,docx,subcontract_scope,opening-condition-lj01,project-njdl-jd-a1,contract-jd-a1,team-lj-01,basis-njdl-2026-01,fb3ccf8c01540e451ae1e10761ae5b9d15572e1215051672d12167cffe29ba47
DOC-008,03_team_lj01_opening_condition/08_LJ-01企业资质与安全生产许可证摘录.docx,docx,team_qualification,opening-condition-lj01,project-njdl-jd-a1,contract-jd-a1,team-lj-01,basis-njdl-2026-01,ae1b3bdf8d629a56ec63ceb26c91d9e04afdd0bcfccc13c1cc0151b207afd7d4
DOC-009,03_team_lj01_opening_condition/09_LJ-01项目负责人任命书.docx,docx,personnel,opening-condition-lj01,project-njdl-jd-a1,contract-jd-a1,team-lj-01,basis-njdl-2026-01,e71e304ed5d8366c89156d3a0f6335a6a5cd1a4126b74abe1aa74901e78ede8f
DOC-014,03_team_lj01_opening_condition/14_LJ-01开工申请表.docx,docx,opening_application,opening-condition-lj01,project-njdl-jd-a1,contract-jd-a1,team-lj-01,basis-njdl-2026-01,1886dbfaf196847f308990a8eb2beb23e2167b6c45b7d8653aeed2cb6c954720
DOC-015,03_team_lj01_opening_condition/15_LJ-01施工组织与人员进场报审表.docx,docx,opening_attachment,opening-condition-lj01,project-njdl-jd-a1,contract-jd-a1,team-lj-01,basis-njdl-2026-01,1d28e2a92ef3812cf41c3a26cb03ec9ecbdfa47d18db6df41eba88c3a07cd8d4
DOC-016,03_team_lj01_opening_condition/16_LJ-01安全技术交底记录.docx,docx,safety_disclosure,opening-condition-lj01,project-njdl-jd-a1,contract-jd-a1,team-lj-01,basis-njdl-2026-01,40f8566076a1753b5edc6ed827b0b227922e8f89169c027431d9feb9fc131ceb
DOC-018,03_team_lj01_opening_condition/18_LJ-01临时排水与便道准备情况说明.docx,docx,site_preparation,opening-condition-lj01,project-njdl-jd-a1,contract-jd-a1,team-lj-01,basis-njdl-2026-01,6bdc7532ba1d786541f2ebd99779e82b05899c331fe4f7c594cc792d0d1085ea
DOC-019,04_team_lj01_construction_plan/19_K12-K18路基填筑施工方案.docx,docx,construction_plan,construction-plan-lj01,project-njdl-jd-a1,contract-jd-a1,team-lj-01,basis-njdl-2026-01,fb95b549240e0eb071ac4fb2da7d52ec56b906bfd9db1357dda6291e802456f5
DOC-020,04_team_lj01_construction_plan/20_路基填料来源与试验报告摘要.docx,docx,material_test,construction-plan-lj01,project-njdl-jd-a1,contract-jd-a1,team-lj-01,basis-njdl-2026-01,da897158d15135fc805135e6aebb84b5afb37912a6dac1b325ba97dcd82ba569
DOC-021,04_team_lj01_construction_plan/21_路基填筑质量控制与检测计划.docx,docx,quality_plan,construction-plan-lj01,project-njdl-jd-a1,contract-jd-a1,team-lj-01,basis-njdl-2026-01,3f8adf1301fe6f4c47b5007c2998f2907d44c3876b9a4f63c0768e8acb5a751b
DOC-022,04_team_lj01_construction_plan/22_路基施工安全风险辨识与控制措施.docx,docx,safety_plan,construction-plan-lj01,project-njdl-jd-a1,contract-jd-a1,team-lj-01,basis-njdl-2026-01,c1f9b153a7b4bd7c86bde5bd73221e81eca9d31d93fcbe24dc9950b89f09c2ec
DOC-023,05_review_examples/23_历史样例_开工条件审查通过案例.docx,docx,review_example,opening-condition-lj01,project-njdl-jd-a1,contract-jd-a1,team-lj-01,basis-njdl-2026-01,911615287d6d98a6eae4caaa3f50d38257a6a04eaa4205626e06bbe8c1cd841e
DOC-024,05_review_examples/24_历史样例_施工方案审查退回修改案例.docx,docx,review_example,construction-plan-lj01,project-njdl-jd-a1,contract-jd-a1,team-lj-01,basis-njdl-2026-01,4a73bfcf8f3c6f1e00d08d2c94fa7119dedf87f18209018da81d67c9832e5e5d
SRC-001,06_source_norms/SRC-001_公路工程施工监理规范_开工与方案审查摘要.docx,docx,official_source_summary,project-context,project-njdl-jd-a1,contract-jd-a1,team-lj-01,basis-njdl-2026-01,f1303b92a55f16ac16bd349b63d4ee5b327de3e1172743257cc06191e15c2a5d
SRC-002,06_source_norms/SRC-002_质量检验评定标准_土建工程评定框架摘要.docx,docx,official_source_summary,construction-plan-lj01,project-njdl-jd-a1,contract-jd-a1,team-lj-01,basis-njdl-2026-01,b2c67727e77cfeaf3d23470e8dfdf96482da911015734f138e5e77652592e43f
SRC-003,06_source_norms/SRC-003_施工安全技术规范_风险控制摘要.docx,docx,official_source_summary,construction-plan-lj01,project-njdl-jd-a1,contract-jd-a1,team-lj-01,basis-njdl-2026-01,5beb5a6686343cb477591630ece9d3c0f0f668dbdbaa006df679337ad28e9f5a
SRC-004,06_source_norms/SRC-004_路基施工技术规范_填筑控制摘要.docx,docx,official_source_summary,construction-plan-lj01,project-njdl-jd-a1,contract-jd-a1,team-lj-01,basis-njdl-2026-01,ec5786411a9f16ad997de30e90bdc18c8e27c41ec9a3e3c621e4a9ea7510194c
SRC-006,06_source_norms/SRC-006_标准施工招标文件_合同与技术规范摘要.docx,docx,official_source_summary,project-context,project-njdl-jd-a1,contract-jd-a1,team-lj-01,basis-njdl-2026-01,fa33019d4088d06db35475713f03631ce277f957644d45d4bf13cbade0689dd8
DOC-010,03_team_lj01_opening_condition/10_LJ-01安全员与质检员证书清单.xlsx,xlsx,personnel,opening-condition-lj01,project-njdl-jd-a1,contract-jd-a1,team-lj-01,basis-njdl-2026-01,04c5cb2dc06e4eb0d5f76f247c7dd7a634547ce31c48627c13b44c9c42f1a85f
DOC-011,03_team_lj01_opening_condition/11_LJ-01特种作业人员清单.xlsx,xlsx,personnel,opening-condition-lj01,project-njdl-jd-a1,contract-jd-a1,team-lj-01,basis-njdl-2026-01,0ade571813fb4a418bfb2b5d6462079f72dd9736695174990c840f04e5c31ac0
DOC-012,03_team_lj01_opening_condition/12_LJ-01主要机械设备进场清单.xlsx,xlsx,equipment,opening-condition-lj01,project-njdl-jd-a1,contract-jd-a1,team-lj-01,basis-njdl-2026-01,1dee0beab66677b57c4cd1168bf52e5ede6b2c6ac296273d048d297095712e74
DOC-013,03_team_lj01_opening_condition/13_LJ-01测量与试验仪器校验证明清单.xlsx,xlsx,calibration,opening-condition-lj01,project-njdl-jd-a1,contract-jd-a1,team-lj-01,basis-njdl-2026-01,87e230025f0cce5f12c13ed204be4daac0f6d3177c2803b747cca31fc9450b99
DOC-017,03_team_lj01_opening_condition/17_LJ-01三级安全教育记录.xlsx,xlsx,safety_training,opening-condition-lj01,project-njdl-jd-a1,contract-jd-a1,team-lj-01,basis-njdl-2026-01,1e8508374d7f64a3fe02e5b485ea8699f44325ab86392fdbee883614ae60a7fe
